{"1.jpg29671":{"filename":"1.jpg","size":29671,"regions":[{"shape_attributes":{"name":"polygon","all_points_x":[37,43,43,67,86,95,89,72,89,59,40,35],"all_points_y":[151,139,130,127,131,156,192,208,228,245,225,145]},"region_attributes":{"name":"not_defined","type":"unknown","image_quality":{"good":true,"frontal":true,"good_illumination":true}}}],"file_attributes":{"caption":"","public_domain":"no","image_url":""}},"2.jpg22441":{"filename":"2.jpg","size":22441,"regions":[{"shape_attributes":{"name":"polygon","all_points_x":[89,105,110,110,111,122,125,139,143,135,144,155,160,128,100],"all_points_y":[72,83,83,93,112,115,110,115,107,94,86,80,66,76,63]},"region_attributes":{"name":"not_defined","type":"unknown","image_quality":{"good":true,"frontal":true,"good_illumination":true}}},{"shape_attributes":{"name":"polygon","all_points_x":[115,72,75,92,121,139,181,187,186,173,128],"all_points_y":[138,162,181,182,160,164,187,187,163,151,142]},"region_attributes":{"name":"not_defined","type":"unknown","image_quality":{"good":true,"frontal":true,"good_illumination":true}}}],"file_attributes":{"caption":"","public_domain":"no","image_url":""}},"3.jpg12498":{"filename":"3.jpg","size":12498,"regions":[{"shape_attributes":{"name":"polygon","all_points_x":[4,13,26,69,83,79,79,90,106,113,110,121,124,109,94,86,93,94,89,35,6,9],"all_points_y":[124,105,92,90,85,62,49,56,46,40,73,112,136,133,100,107,138,172,186,184,128,143]},"region_attributes":{"name":"not_defined","type":"unknown","image_quality":{"good":true,"frontal":true,"good_illumination":true}}}],"file_attributes":{"caption":"","public_domain":"no","image_url":""}},"4.jpg21700":{"filename":"4.jpg","size":21700,"regions":[{"shape_attributes":{"name":"polygon","all_points_x":[76,68,46,51,89,104,107,116,119,99],"all_points_y":[128,166,179,230,244,246,242,205,159,134]},"region_attributes":{"name":"not_defined","type":"unknown","image_quality":{"good":true,"frontal":true,"good_illumination":true}}}],"file_attributes":{"caption":"","public_domain":"no","image_url":""}},"5.jpg10118":{"filename":"5.jpg","size":10118,"regions":[{"shape_attributes":{"name":"polygon","all_points_x":[79,98,96,125,143,148,125,84,70],"all_points_y":[116,102,91,94,117,143,162,160,153]},"region_attributes":{"name":"not_defined","type":"unknown","image_quality":{"good":true,"frontal":true,"good_illumination":true}}}],"file_attributes":{"caption":"","public_domain":"no","image_url":""}},"6.jpg29163":{"filename":"6.jpg","size":29163,"regions":[{"shape_attributes":{"name":"polygon","all_points_x":[133,104,105,118,170,198,174],"all_points_y":[19,72,89,112,115,72,27]},"region_attributes":{"name":"not_defined","type":"unknown","image_quality":{"good":true,"frontal":true,"good_illumination":true}}}],"file_attributes":{"caption":"","public_domain":"no","image_url":""}},"7.jpg28603":{"filename":"7.jpg","size":28603,"regions":[{"shape_attributes":{"name":"polygon","all_points_x":[94,98,90,69,87,69,91],"all_points_y":[113,129,140,132,122,112,112]},"region_attributes":{"name":"not_defined","type":"unknown","image_quality":{"good":true,"frontal":true,"good_illumination":true}}},{"shape_attributes":{"name":"polygon","all_points_x":[167,201,205,199,172],"all_points_y":[134,132,146,153,152]},"region_attributes":{"name":"not_defined","type":"unknown","image_quality":{"good":true,"frontal":true,"good_illumination":true}}},{"shape_attributes":{"name":"polygon","all_points_x":[177,189,179,160,160],"all_points_y":[175,186,200,199,182]},"region_attributes":{"name":"not_defined","type":"unknown","image_quality":{"good":true,"frontal":true,"good_illumination":true}}}],"file_attributes":{"caption":"","public_domain":"no","image_url":""}},"8.jpg79490":{"filename":"8.jpg","size":79490,"regions":[{"shape_attributes":{"name":"polygon","all_points_x":[66,100,108,129,131,109,69,43,41],"all_points_y":[112,129,144,176,197,224,225,188,167]},"region_attributes":{"name":"not_defined","type":"unknown","image_quality":{"good":true,"frontal":true,"good_illumination":true}}},{"shape_attributes":{"name":"polygon","all_points_x":[166,212,191,171,127,127],"all_points_y":[57,84,134,151,134,90]},"region_attributes":{"name":"not_defined","type":"unknown","image_quality":{"good":true,"frontal":true,"good_illumination":true}}},{"shape_attributes":{"name":"polygon","all_points_x":[251,219,198,202,225,299,305,354,416,394,361,327,307],"all_points_y":[117,174,221,272,306,339,293,288,228,162,112,110,101]},"region_attributes":{"name":"not_defined","type":"unknown","image_quality":{"good":true,"frontal":true,"good_illumination":true}}}],"file_attributes":{"caption":"","public_domain":"no","image_url":""}},"9.jpg26563":{"filename":"9.jpg","size":26563,"regions":[{"shape_attributes":{"name":"polygon","all_points_x":[174,156,187,217,198],"all_points_y":[115,183,201,172,129]},"region_attributes":{"name":"not_defined","type":"unknown","image_quality":{"good":true,"frontal":true,"good_illumination":true}}}],"file_attributes":{"caption":"","public_domain":"no","image_url":""}},"10.jpg33964":{"filename":"10.jpg","size":33964,"regions":[{"shape_attributes":{"name":"polygon","all_points_x":[167,164,184,230,262,248,200,168],"all_points_y":[181,238,280,265,242,191,172,189]},"region_attributes":{"name":"not_defined","type":"unknown","image_quality":{"good":true,"frontal":true,"good_illumination":true}}}],"file_attributes":{"caption":"","public_domain":"no","image_url":""}},"11.jpg25767":{"filename":"11.jpg","size":25767,"regions":[{"shape_attributes":{"name":"polygon","all_points_x":[134,142,131,136,148,160,195,214,192,181,166,161],"all_points_y":[27,39,79,89,62,83,79,65,33,18,18,22]},"region_attributes":{"name":"not_defined","type":"unknown","image_quality":{"good":true,"frontal":true,"good_illumination":true}}}],"file_attributes":{"caption":"","public_domain":"no","image_url":""}},"12.jpg37725":{"filename":"12.jpg","size":37725,"regions":[{"shape_attributes":{"name":"polygon","all_points_x":[99,109,132,132,129,137,135,127,87,50,36,51,67],"all_points_y":[45,55,62,83,102,112,132,152,153,145,114,81,61]},"region_attributes":{"name":"not_defined","type":"unknown","image_quality":{"good":true,"frontal":true,"good_illumination":true}}}],"file_attributes":{"caption":"","public_domain":"no","image_url":""}},"13.jpg17059":{"filename":"13.jpg","size":17059,"regions":[{"shape_attributes":{"name":"polygon","all_points_x":[129,145,146,159,179,214,225,236,226,227,189,152,130],"all_points_y":[203,190,169,148,142,146,169,192,207,229,243,246,240]},"region_attributes":{"name":"not_defined","type":"unknown","image_quality":{"good":true,"frontal":true,"good_illumination":true}}}],"file_attributes":{"caption":"","public_domain":"no","image_url":""}},"14.jpg22650":{"filename":"14.jpg","size":22650,"regions":[{"shape_attributes":{"name":"polygon","all_points_x":[151,163,195,221,219,201],"all_points_y":[83,110,119,108,83,67]},"region_attributes":{"name":"not_defined","type":"unknown","image_quality":{"good":true,"frontal":true,"good_illumination":true}}}],"file_attributes":{"caption":"","public_domain":"no","image_url":""}},"15.jpg20761":{"filename":"15.jpg","size":20761,"regions":[{"shape_attributes":{"name":"polygon","all_points_x":[49,47,57,70,103,100,98,71],"all_points_y":[112,85,83,75,93,113,124,128]},"region_attributes":{"name":"not_defined","type":"unknown","image_quality":{"good":true,"frontal":true,"good_illumination":true}}}],"file_attributes":{"caption":"","public_domain":"no","image_url":""}},"16.jpg18265":{"filename":"16.jpg","size":18265,"regions":[{"shape_attributes":{"name":"polygon","all_points_x":[71,55,50,62,91,119,88],"all_points_y":[51,83,102,121,115,75,65]},"region_attributes":{"name":"not_defined","type":"unknown","image_quality":{"good":true,"frontal":true,"good_illumination":true}}}],"file_attributes":{"caption":"","public_domain":"no","image_url":""}},"17.jpg18506":{"filename":"17.jpg","size":18506,"regions":[{"shape_attributes":{"name":"polygon","all_points_x":[59,71,130,148,159,159,155,119,80],"all_points_y":[111,82,74,82,105,132,159,167,156]},"region_attributes":{"name":"not_defined","type":"unknown","image_quality":{"good":true,"frontal":true,"good_illumination":true}}}],"file_attributes":{"caption":"","public_domain":"no","image_url":""}},"18.jpg37787":{"filename":"18.jpg","size":37787,"regions":[{"shape_attributes":{"name":"polygon","all_points_x":[119,103,121,134,129],"all_points_y":[254,272,278,278,256]},"region_attributes":{"name":"not_defined","type":"unknown","image_quality":{"good":true,"frontal":true,"good_illumination":true}}},{"shape_attributes":{"name":"polygon","all_points_x":[171,189,193,171],"all_points_y":[258,255,269,279]},"region_attributes":{"name":"not_defined","type":"unknown","image_quality":{"good":true,"frontal":true,"good_illumination":true}}},{"shape_attributes":{"name":"polygon","all_points_x":[201,215,219,247,263,248,229,208],"all_points_y":[240,259,290,302,286,251,237,232]},"region_attributes":{"name":"not_defined","type":"unknown","image_quality":{"good":true,"frontal":true,"good_illumination":true}}}],"file_attributes":{"caption":"","public_domain":"no","image_url":""}},"19.jpg22217":{"filename":"19.jpg","size":22217,"regions":[{"shape_attributes":{"name":"polygon","all_points_x":[106,125,130,123],"all_points_y":[266,258,274,285]},"region_attributes":{"name":"not_defined","type":"unknown","image_quality":{"good":true,"frontal":true,"good_illumination":true}}}],"file_attributes":{"caption":"","public_domain":"no","image_url":""}},"20.jpg20604":{"filename":"20.jpg","size":20604,"regions":[{"shape_attributes":{"name":"polygon","all_points_x":[130,83,81,90,102,122,163,172,216,205,191,127,168,181,189],"all_points_y":[11,80,99,123,153,171,183,170,143,82,56,15,29,42,54]},"region_attributes":{"name":"not_defined","type":"unknown","image_quality":{"good":true,"frontal":true,"good_illumination":true}}}],"file_attributes":{"caption":"","public_domain":"no","image_url":""}},"21.jpg15693":{"filename":"21.jpg","size":15693,"regions":[{"shape_attributes":{"name":"polygon","all_points_x":[126,120,126,107,57,63,56,58],"all_points_y":[68,59,47,36,56,71,79,102]},"region_attributes":{"name":"not_defined","type":"unknown","image_quality":{"good":true,"frontal":true,"good_illumination":true}}},{"shape_attributes":{"name":"polygon","all_points_x":[61,17,23,40,42,70,59,75,101,152,102,74],"all_points_y":[106,120,146,144,182,179,192,216,228,172,171,146]},"region_attributes":{"name":"not_defined","type":"unknown","image_quality":{"good":true,"frontal":true,"good_illumination":true}}}],"file_attributes":{"caption":"","public_domain":"no","image_url":""}},"22.jpg37730":{"filename":"22.jpg","size":37730,"regions":[{"shape_attributes":{"name":"polygon","all_points_x":[126,177,187,157,139,122],"all_points_y":[140,134,149,161,179,158]},"region_attributes":{"name":"not_defined","type":"unknown","image_quality":{"good":true,"frontal":true,"good_illumination":true}}}],"file_attributes":{"caption":"","public_domain":"no","image_url":""}},"23.jpg28671":{"filename":"23.jpg","size":28671,"regions":[{"shape_attributes":{"name":"polygon","all_points_x":[119,101,97,112,119,156,160,169,163,144],"all_points_y":[81,120,152,152,187,187,155,118,102,80]},"region_attributes":{"name":"not_defined","type":"unknown","image_quality":{"good":true,"frontal":true,"good_illumination":true}}}],"file_attributes":{"caption":"","public_domain":"no","image_url":""}},"24.jpg24433":{"filename":"24.jpg","size":24433,"regions":[{"shape_attributes":{"name":"polygon","all_points_x":[102,123,125,126,116,78,58,56,52,79],"all_points_y":[80,101,116,144,163,168,138,109,83,73]},"region_attributes":{"name":"not_defined","type":"unknown","image_quality":{"good":true,"frontal":true,"good_illumination":true}}}],"file_attributes":{"caption":"","public_domain":"no","image_url":""}},"25.jpg16057":{"filename":"25.jpg","size":16057,"regions":[{"shape_attributes":{"name":"polygon","all_points_x":[9,42,47,25,3],"all_points_y":[109,129,158,184,181]},"region_attributes":{"name":"not_defined","type":"unknown","image_quality":{"good":true,"frontal":true,"good_illumination":true}}}],"file_attributes":{"caption":"","public_domain":"no","image_url":""}},"26.jpg14372":{"filename":"26.jpg","size":14372,"regions":[{"shape_attributes":{"name":"polygon","all_points_x":[77,108,114,106,85],"all_points_y":[83,82,110,129,122]},"region_attributes":{"name":"not_defined","type":"unknown","image_quality":{"good":true,"frontal":true,"good_illumination":true}}}],"file_attributes":{"caption":"","public_domain":"no","image_url":""}},"27.jpg23469":{"filename":"27.jpg","size":23469,"regions":[{"shape_attributes":{"name":"polygon","all_points_x":[72,91,91,96,96,62,58,68,89,106,139,155,112,110,122,113,129,114,100],"all_points_y":[72,90,105,123,134,175,193,203,191,191,218,204,138,124,117,95,85,71,83]},"region_attributes":{"name":"not_defined","type":"unknown","image_quality":{"good":true,"frontal":true,"good_illumination":true}}}],"file_attributes":{"caption":"","public_domain":"no","image_url":""}},"28.jpg23506":{"filename":"28.jpg","size":23506,"regions":[{"shape_attributes":{"name":"polygon","all_points_x":[159,141,146,159,185,220,220,206,184,189,168,163],"all_points_y":[128,152,182,209,199,187,166,142,128,117,113,129]},"region_attributes":{"name":"not_defined","type":"unknown","image_quality":{"good":true,"frontal":true,"good_illumination":true}}}],"file_attributes":{"caption":"","public_domain":"no","image_url":""}},"29.jpg13372":{"filename":"29.jpg","size":13372,"regions":[{"shape_attributes":{"name":"polygon","all_points_x":[70,111,130,132,129,93,73],"all_points_y":[40,31,40,59,94,91,84]},"region_attributes":{"name":"not_defined","type":"unknown","image_quality":{"good":true,"frontal":true,"good_illumination":true}}}],"file_attributes":{"caption":"","public_domain":"no","image_url":""}},"30.jpg24697":{"filename":"30.jpg","size":24697,"regions":[{"shape_attributes":{"name":"polygon","all_points_x":[83,101,111,111,123,103,65,31,37,67],"all_points_y":[31,40,59,72,93,109,110,92,61,38]},"region_attributes":{"name":"not_defined","type":"unknown","image_quality":{"good":true,"frontal":true,"good_illumination":true}}}],"file_attributes":{"caption":"","public_domain":"no","image_url":""}},"31.jpg18396":{"filename":"31.jpg","size":18396,"regions":[{"shape_attributes":{"name":"polygon","all_points_x":[72,87,100,118,127,109,114,138,159,174,174,165,139,113,119,107,107,102,81,79,69],"all_points_y":[66,88,87,68,75,105,110,114,119,143,162,171,161,159,116,115,128,136,129,101,93]},"region_attributes":{"name":"not_defined","type":"unknown","image_quality":{"good":true,"frontal":true,"good_illumination":true}}}],"file_attributes":{"caption":"","public_domain":"no","image_url":""}},"32.jpg24518":{"filename":"32.jpg","size":24518,"regions":[{"shape_attributes":{"name":"polygon","all_points_x":[61,97,107,107,89,49,20,30,47],"all_points_y":[56,88,97,131,151,172,166,132,66]},"region_attributes":{"name":"not_defined","type":"unknown","image_quality":{"good":true,"frontal":true,"good_illumination":true}}}],"file_attributes":{"caption":"","public_domain":"no","image_url":""}},"33.jpg29786":{"filename":"33.jpg","size":29786,"regions":[{"shape_attributes":{"name":"polygon","all_points_x":[144,146,140,166,189,219,201,262,235,180,164,197],"all_points_y":[42,77,119,136,153,160,138,106,49,40,29,34]},"region_attributes":{"name":"not_defined","type":"unknown","image_quality":{"good":true,"frontal":true,"good_illumination":true}}}],"file_attributes":{"caption":"","public_domain":"no","image_url":""}}}