{"15.jpg10118":{"filename":"15.jpg","size":10118,"regions":[{"shape_attributes":{"name":"polygon","all_points_x":[75,79,72,96,108,93,116,132,150,132,131,128,93,74],"all_points_y":[151,128,122,114,107,97,93,104,131,130,147,159,166,153]},"region_attributes":{"name":"not_defined","type":"unknown","image_quality":{"good":true,"frontal":true,"good_illumination":true}}},{"shape_attributes":{"name":"polygon","all_points_x":[52,46,57,55,40,41,49],"all_points_y":[140,130,117,111,104,121,138]},"region_attributes":{"name":"not_defined","type":"unknown","image_quality":{"good":true,"frontal":true,"good_illumination":true}}},{"shape_attributes":{"name":"polygon","all_points_x":[53,67,67,71,79,79,78,84,75],"all_points_y":[44,59,71,72,72,67,58,52,55]},"region_attributes":{"name":"not_defined","type":"unknown","image_quality":{"good":true,"frontal":true,"good_illumination":true}}}],"file_attributes":{"caption":"","public_domain":"no","image_url":""}},"16.jpg29163":{"filename":"16.jpg","size":29163,"regions":[{"shape_attributes":{"name":"polygon","all_points_x":[132,101,113,156,185,195,170],"all_points_y":[20,82,106,116,75,44,42]},"region_attributes":{"name":"not_defined","type":"unknown","image_quality":{"good":true,"frontal":true,"good_illumination":true}}},{"shape_attributes":{"name":"polygon","all_points_x":[138,169,183,149],"all_points_y":[17,21,36,32]},"region_attributes":{"name":"not_defined","type":"unknown","image_quality":{"good":true,"frontal":true,"good_illumination":true}}},{"shape_attributes":{"name":"polygon","all_points_x":[119,123,136],"all_points_y":[183,207,203]},"region_attributes":{"name":"not_defined","type":"unknown","image_quality":{"good":true,"frontal":true,"good_illumination":true}}},{"shape_attributes":{"name":"polygon","all_points_x":[112,131,130,109],"all_points_y":[279,281,291,294]},"region_attributes":{"name":"not_defined","type":"unknown","image_quality":{"good":true,"frontal":true,"good_illumination":true}}}],"file_attributes":{"caption":"","public_domain":"no","image_url":""}},"17.jpg28603":{"filename":"17.jpg","size":28603,"regions":[{"shape_attributes":{"name":"polygon","all_points_x":[72,90,90,75],"all_points_y":[105,113,122,118]},"region_attributes":{"name":"not_defined","type":"unknown","image_quality":{"good":true,"frontal":true,"good_illumination":true}}},{"shape_attributes":{"name":"polygon","all_points_x":[83,93,93,76,82],"all_points_y":[133,129,120,126,133]},"region_attributes":{"name":"not_defined","type":"unknown","image_quality":{"good":true,"frontal":true,"good_illumination":true}}},{"shape_attributes":{"name":"polygon","all_points_x":[175,202,203,202,169,171],"all_points_y":[143,136,141,152,158,150]},"region_attributes":{"name":"not_defined","type":"unknown","image_quality":{"good":true,"frontal":true,"good_illumination":true}}},{"shape_attributes":{"name":"polygon","all_points_x":[157,184,181,175,161],"all_points_y":[178,182,188,197,189]},"region_attributes":{"name":"not_defined","type":"unknown","image_quality":{"good":true,"frontal":true,"good_illumination":true}}}],"file_attributes":{"caption":"","public_domain":"no","image_url":""}},"18.jpg79490":{"filename":"18.jpg","size":79490,"regions":[{"shape_attributes":{"name":"polygon","all_points_x":[65,85,107,120,129,129,90,61,41,43],"all_points_y":[118,120,145,177,201,210,223,210,185,151]},"region_attributes":{"name":"not_defined","type":"unknown","image_quality":{"good":true,"frontal":true,"good_illumination":true}}},{"shape_attributes":{"name":"polygon","all_points_x":[131,150,167,208,191,175,131,121],"all_points_y":[88,79,75,90,118,148,138,109]},"region_attributes":{"name":"not_defined","type":"unknown","image_quality":{"good":true,"frontal":true,"good_illumination":true}}},{"shape_attributes":{"name":"polygon","all_points_x":[252,226,208,202,225,274,300,304,290,297,378,409,420,413,404,393,378,362,315,283],"all_points_y":[117,178,230,263,288,323,323,308,280,278,278,265,256,223,196,174,133,116,109,110]},"region_attributes":{"name":"not_defined","type":"unknown","image_quality":{"good":true,"frontal":true,"good_illumination":true}}}],"file_attributes":{"caption":"","public_domain":"no","image_url":""}},"20.jpg26563":{"filename":"20.jpg","size":26563,"regions":[{"shape_attributes":{"name":"polygon","all_points_x":[175,164,171,197,200,209,199],"all_points_y":[125,165,190,182,161,154,135]},"region_attributes":{"name":"not_defined","type":"unknown","image_quality":{"good":true,"frontal":true,"good_illumination":true}}}],"file_attributes":{"caption":"","public_domain":"no","image_url":""}},"21.jpg33964":{"filename":"21.jpg","size":33964,"regions":[{"shape_attributes":{"name":"polygon","all_points_x":[177,165,169,177,191,215,230,242,249,248,245,239,218,209,220,209,202,185,199],"all_points_y":[181,217,247,262,276,267,256,249,231,217,198,188,175,172,159,155,156,162,174]},"region_attributes":{"name":"not_defined","type":"unknown","image_quality":{"good":true,"frontal":true,"good_illumination":true}}}],"file_attributes":{"caption":"","public_domain":"no","image_url":""}},"22.jpg25767":{"filename":"22.jpg","size":25767,"regions":[{"shape_attributes":{"name":"polygon","all_points_x":[139,145,135,138,146,146,165,187,205,206,197,182,161,146],"all_points_y":[29,53,74,87,75,62,78,72,69,56,37,25,18,24]},"region_attributes":{"name":"not_defined","type":"unknown","image_quality":{"good":true,"frontal":true,"good_illumination":true}}}],"file_attributes":{"caption":"","public_domain":"no","image_url":""}},"23.jpg37725":{"filename":"23.jpg","size":37725,"regions":[{"shape_attributes":{"name":"polygon","all_points_x":[99,98,110,125,135,133,136,137,136,109,78,53,45,45,60,82],"all_points_y":[50,50,55,55,76,92,112,119,147,153,155,144,121,111,71,62]},"region_attributes":{"name":"not_defined","type":"unknown","image_quality":{"good":true,"frontal":true,"good_illumination":true}}}],"file_attributes":{"caption":"","public_domain":"no","image_url":""}},"24.jpg17059":{"filename":"24.jpg","size":17059,"regions":[{"shape_attributes":{"name":"polygon","all_points_x":[183,200,218,225,242,219,227,206,189,163,140,124,124,128,118,145],"all_points_y":[145,144,158,183,200,209,228,246,246,248,251,239,233,199,186,166]},"region_attributes":{"name":"not_defined","type":"unknown","image_quality":{"good":true,"frontal":true,"good_illumination":true}}}],"file_attributes":{"caption":"","public_domain":"no","image_url":""}},"25.jpg22650":{"filename":"25.jpg","size":22650,"regions":[{"shape_attributes":{"name":"polygon","all_points_x":[157,188,202,213,215,179,161],"all_points_y":[77,71,68,91,112,115,101]},"region_attributes":{"name":"not_defined","type":"unknown","image_quality":{"good":true,"frontal":true,"good_illumination":true}}}],"file_attributes":{"caption":"","public_domain":"no","image_url":""}},"26.jpg20761":{"filename":"26.jpg","size":20761,"regions":[{"shape_attributes":{"name":"polygon","all_points_x":[45,58,79,91,103,95,86,59,52],"all_points_y":[85,85,77,88,97,124,134,122,102]},"region_attributes":{"name":"not_defined","type":"unknown","image_quality":{"good":true,"frontal":true,"good_illumination":true}}}],"file_attributes":{"caption":"","public_domain":"no","image_url":""}},"27.jpg18265":{"filename":"27.jpg","size":18265,"regions":[{"shape_attributes":{"name":"polygon","all_points_x":[73,52,53,74,92,105,111,113,87],"all_points_y":[52,86,103,118,118,115,97,71,71]},"region_attributes":{"name":"not_defined","type":"unknown","image_quality":{"good":true,"frontal":true,"good_illumination":true}}}],"file_attributes":{"caption":"","public_domain":"no","image_url":""}},"28.jpg18506":{"filename":"28.jpg","size":18506,"regions":[{"shape_attributes":{"name":"polygon","all_points_x":[75,100,140,159,162,146,121,92,74,55,66],"all_points_y":[82,83,74,98,137,156,173,172,157,123,98]},"region_attributes":{"name":"not_defined","type":"unknown","image_quality":{"good":true,"frontal":true,"good_illumination":true}}}],"file_attributes":{"caption":"","public_domain":"no","image_url":""}},"29.jpg37787":{"filename":"29.jpg","size":37787,"regions":[{"shape_attributes":{"name":"polygon","all_points_x":[193,216,220,239,252,262,236,218,202],"all_points_y":[230,253,277,294,291,281,241,233,240]},"region_attributes":{"name":"not_defined","type":"unknown","image_quality":{"good":true,"frontal":true,"good_illumination":true}}},{"shape_attributes":{"name":"polygon","all_points_x":[180,190,190,168],"all_points_y":[257,257,270,275]},"region_attributes":{"name":"not_defined","type":"unknown","image_quality":{"good":true,"frontal":true,"good_illumination":true}}},{"shape_attributes":{"name":"polygon","all_points_x":[117,134,138,137,110],"all_points_y":[258,255,263,276,282]},"region_attributes":{"name":"not_defined","type":"unknown","image_quality":{"good":true,"frontal":true,"good_illumination":true}}}],"file_attributes":{"caption":"","public_domain":"no","image_url":""}},"30.jpg22217":{"filename":"30.jpg","size":22217,"regions":[{"shape_attributes":{"name":"polygon","all_points_x":[109,121,131,129],"all_points_y":[279,262,273,276]},"region_attributes":{"name":"not_defined","type":"unknown","image_quality":{"good":true,"frontal":true,"good_illumination":true}}}],"file_attributes":{"caption":"","public_domain":"no","image_url":""}},"31.jpg20604":{"filename":"31.jpg","size":20604,"regions":[{"shape_attributes":{"name":"polygon","all_points_x":[136,87,87,82,90,106,131,164,171,206,218,201,186,138],"all_points_y":[6,53,89,102,116,157,173,185,167,149,140,82,41,17]},"region_attributes":{"name":"not_defined","type":"unknown","image_quality":{"good":true,"frontal":true,"good_illumination":true}}}],"file_attributes":{"caption":"","public_domain":"no","image_url":""}},"32.jpg15693":{"filename":"32.jpg","size":15693,"regions":[{"shape_attributes":{"name":"polygon","all_points_x":[110,125,122,121,145,95,72,69,53,51,68,59],"all_points_y":[34,43,55,65,76,77,93,99,99,87,67,62]},"region_attributes":{"name":"not_defined","type":"unknown","image_quality":{"good":true,"frontal":true,"good_illumination":true}}},{"shape_attributes":{"name":"polygon","all_points_x":[60,20,15,16,45,47,39,48,77,79,61,78,97,115,135,149,168,183,159,127,100,78,69],"all_points_y":[104,112,125,136,142,153,161,174,180,185,192,214,228,228,201,175,167,142,165,172,162,147,115]},"region_attributes":{"name":"not_defined","type":"unknown","image_quality":{"good":true,"frontal":true,"good_illumination":true}}}],"file_attributes":{"caption":"","public_domain":"no","image_url":""}},"33.jpg37730":{"filename":"33.jpg","size":37730,"regions":[{"shape_attributes":{"name":"polygon","all_points_x":[125,146,169,184,184,167,139],"all_points_y":[147,133,137,148,168,178,177]},"region_attributes":{"name":"not_defined","type":"unknown","image_quality":{"good":true,"frontal":true,"good_illumination":true}}},{"shape_attributes":{"name":"polygon","all_points_x":[197,218,249,236,229],"all_points_y":[138,162,172,137,121]},"region_attributes":{"name":"not_defined","type":"unknown","image_quality":{"good":true,"frontal":true,"good_illumination":true}}}],"file_attributes":{"caption":"","public_domain":"no","image_url":""}},"34.jpg28671":{"filename":"34.jpg","size":28671,"regions":[{"shape_attributes":{"name":"polygon","all_points_x":[106,119,119,125,136,166,164,164,150,142,118,112,99,103],"all_points_y":[112,97,83,81,78,97,122,147,161,189,183,163,140,122]},"region_attributes":{"name":"not_defined","type":"unknown","image_quality":{"good":true,"frontal":true,"good_illumination":true}}}],"file_attributes":{"caption":"","public_domain":"no","image_url":""}},"35.jpg24433":{"filename":"35.jpg","size":24433,"regions":[{"shape_attributes":{"name":"polygon","all_points_x":[63,91,102,103,118,118,126,116,98,65,62,60,55,54],"all_points_y":[82,72,74,84,98,115,129,150,162,158,150,118,108,91]},"region_attributes":{"name":"not_defined","type":"unknown","image_quality":{"good":true,"frontal":true,"good_illumination":true}}}],"file_attributes":{"caption":"","public_domain":"no","image_url":""}},"36.jpg16057":{"filename":"36.jpg","size":16057,"regions":[{"shape_attributes":{"name":"polygon","all_points_x":[0,17,29,44,41,42,44,25,11,2],"all_points_y":[115,122,124,137,150,162,167,176,183,156]},"region_attributes":{"name":"not_defined","type":"unknown","image_quality":{"good":true,"frontal":true,"good_illumination":true}}},{"shape_attributes":{"name":"polygon","all_points_x":[65,80,93,107,108,99,98,90,80],"all_points_y":[124,132,131,131,138,150,158,171,164]},"region_attributes":{"name":"not_defined","type":"unknown","image_quality":{"good":true,"frontal":true,"good_illumination":true}}},{"shape_attributes":{"name":"polygon","all_points_x":[48,59,63,53],"all_points_y":[140,142,155,167]},"region_attributes":{"name":"not_defined","type":"unknown","image_quality":{"good":true,"frontal":true,"good_illumination":true}}},{"shape_attributes":{"name":"polygon","all_points_x":[110,123,129,125,115],"all_points_y":[148,142,159,172,172]},"region_attributes":{"name":"not_defined","type":"unknown","image_quality":{"good":true,"frontal":true,"good_illumination":true}}}],"file_attributes":{"caption":"","public_domain":"no","image_url":""}},"37.jpg14372":{"filename":"37.jpg","size":14372,"regions":[{"shape_attributes":{"name":"polygon","all_points_x":[75,76,85,95,114,115,115,97,80],"all_points_y":[93,102,121,126,121,115,89,79,84]},"region_attributes":{"name":"not_defined","type":"unknown","image_quality":{"good":true,"frontal":true,"good_illumination":true}}}],"file_attributes":{"caption":"","public_domain":"no","image_url":""}},"38.jpg23469":{"filename":"38.jpg","size":23469,"regions":[{"shape_attributes":{"name":"polygon","all_points_x":[72,89,89,95,80,60,57,64,90,99,113,136,145,150,150,110,125,112,130,129,104],"all_points_y":[71,88,106,122,146,181,197,200,189,192,202,216,213,194,182,127,113,98,83,71,83]},"region_attributes":{"name":"not_defined","type":"unknown","image_quality":{"good":true,"frontal":true,"good_illumination":true}}}],"file_attributes":{"caption":"","public_domain":"no","image_url":""}},"39.jpg23506":{"filename":"39.jpg","size":23506,"regions":[{"shape_attributes":{"name":"polygon","all_points_x":[150,138,144,159,197,214,218,208,195,185,191,178,156,166],"all_points_y":[136,158,178,208,193,184,171,151,131,123,118,115,115,126]},"region_attributes":{"name":"not_defined","type":"unknown","image_quality":{"good":true,"frontal":true,"good_illumination":true}}}],"file_attributes":{"caption":"","public_domain":"no","image_url":""}},"40.jpg13372":{"filename":"40.jpg","size":13372,"regions":[{"shape_attributes":{"name":"polygon","all_points_x":[77,77,94,125,131,138,131,112,93],"all_points_y":[47,72,90,94,89,66,52,27,38]},"region_attributes":{"name":"not_defined","type":"unknown","image_quality":{"good":true,"frontal":true,"good_illumination":true}}}],"file_attributes":{"caption":"","public_domain":"no","image_url":""}},"41.jpg24697":{"filename":"41.jpg","size":24697,"regions":[{"shape_attributes":{"name":"polygon","all_points_x":[80,92,109,110,114,119,106,78,48,36,49],"all_points_y":[32,38,42,62,72,93,102,102,95,92,52]},"region_attributes":{"name":"not_defined","type":"unknown","image_quality":{"good":true,"frontal":true,"good_illumination":true}}}],"file_attributes":{"caption":"","public_domain":"no","image_url":""}},"42.jpg18396":{"filename":"42.jpg","size":18396,"regions":[{"shape_attributes":{"name":"polygon","all_points_x":[107,127,159,170,172,172,165,147,119,115],"all_points_y":[146,162,175,171,157,139,118,112,113,138]},"region_attributes":{"name":"not_defined","type":"unknown","image_quality":{"good":true,"frontal":true,"good_illumination":true}}},{"shape_attributes":{"name":"polygon","all_points_x":[71,89,104,119,124,119,99,112,107,102,79,76],"all_points_y":[69,91,80,62,75,88,105,113,130,145,136,100]},"region_attributes":{"name":"not_defined","type":"unknown","image_quality":{"good":true,"frontal":true,"good_illumination":true}}}],"file_attributes":{"caption":"","public_domain":"no","image_url":""}},"43.jpg24518":{"filename":"43.jpg","size":24518,"regions":[{"shape_attributes":{"name":"polygon","all_points_x":[53,94,108,109,107,88,70,41,24,35],"all_points_y":[55,85,98,122,137,158,172,172,172,122]},"region_attributes":{"name":"not_defined","type":"unknown","image_quality":{"good":true,"frontal":true,"good_illumination":true}}}],"file_attributes":{"caption":"","public_domain":"no","image_url":""}},"44.jpg29786":{"filename":"44.jpg","size":29786,"regions":[{"shape_attributes":{"name":"polygon","all_points_x":[149,148,134,153,163,183,198,225,207,264,249,224,173,153],"all_points_y":[50,84,109,122,155,139,160,165,140,112,73,47,37,37]},"region_attributes":{"name":"not_defined","type":"unknown","image_quality":{"good":true,"frontal":true,"good_illumination":true}}}],"file_attributes":{"caption":"","public_domain":"no","image_url":""}},"45.jpg29671":{"filename":"45.jpg","size":29671,"regions":[{"shape_attributes":{"name":"polygon","all_points_x":[39,47,63,88,97,98,77,79,79,52,35],"all_points_y":[148,123,129,132,149,181,199,212,234,238,214]},"region_attributes":{"name":"not_defined","type":"unknown","image_quality":{"good":true,"frontal":true,"good_illumination":true}}}],"file_attributes":{"caption":"","public_domain":"no","image_url":""}},"46.jpg22441":{"filename":"46.jpg","size":22441,"regions":[{"shape_attributes":{"name":"polygon","all_points_x":[117,89,73,72,83,109,122,140,165,180,183,179,126],"all_points_y":[130,152,164,178,183,172,161,154,172,180,167,152,135]},"region_attributes":{"name":"not_defined","type":"unknown","image_quality":{"good":true,"frontal":true,"good_illumination":true}}},{"shape_attributes":{"name":"polygon","all_points_x":[97,125,153,160,160,139,148,139,125,105,107,88],"all_points_y":[62,80,62,65,76,87,108,116,109,104,89,70]},"region_attributes":{"name":"not_defined","type":"unknown","image_quality":{"good":true,"frontal":true,"good_illumination":true}}}],"file_attributes":{"caption":"","public_domain":"no","image_url":""}},"47.jpg12498":{"filename":"47.jpg","size":12498,"regions":[{"shape_attributes":{"name":"polygon","all_points_x":[79,83,84,71,36,8,3,19,37,60,83,91,92,78,85,87,95,79,90,103,114,106,109,109,124,112],"all_points_y":[55,79,83,90,91,102,129,155,180,189,187,175,152,132,117,99,87,49,58,46,44,65,83,106,131,138]},"region_attributes":{"name":"not_defined","type":"unknown","image_quality":{"good":true,"frontal":true,"good_illumination":true}}}],"file_attributes":{"caption":"","public_domain":"no","image_url":""}},"48.jpg21700":{"filename":"48.jpg","size":21700,"regions":[{"shape_attributes":{"name":"polygon","all_points_x":[73,59,57,57,67,75,92,107,109,104],"all_points_y":[130,154,178,187,190,184,186,179,161,135]},"region_attributes":{"name":"not_defined","type":"unknown","image_quality":{"good":true,"frontal":true,"good_illumination":true}}},{"shape_attributes":{"name":"polygon","all_points_x":[62,108,109,77,62],"all_points_y":[206,212,243,241,232]},"region_attributes":{"name":"not_defined","type":"unknown","image_quality":{"good":true,"frontal":true,"good_illumination":true}}}],"file_attributes":{"caption":"","public_domain":"no","image_url":""}}}